Serial Number,Name,UUID,Hash
TEAM BEVEL,,,
1,adewale-the-amebo,cad316c3-37f8-4b27-9f53-9d803bfcfee7,b45efdebd260240b7f203e50228dcce5f9ab00c1806f087602370bbe6dc50743
2,alli-the-queeny,a57ecda4-a26f-4e97-a757-e1800af39aab,4ac22a6fc696ed0211ee033f344d3904178344cf3852b6cc1dfda54856ff6b4a
3,aminat-the-snnobish,0e37ed0d-3e84-4f32-a91f-ec9c4ba8c7de,a9c2220b5bfa97a7c8bd6636935a48f1c948445dbf04014c0c34cc186c98ac8a
4,aminu-the-carpenter,4f30b751-96e7-40fe-97fd-e3d44973ff2f,1ef56f49fbed551f55cf077072ce16eabba4f00e6f389f714f0d65804e9e0c01
5,chibuike-the-kudibag,5ce854f2-7ac1-46fd-b3fe-57583935d1e5,a0c8e7eb5d817b378a51b3012b83d4da1c2f322eec771ddf124f69faf0b2ce80
6,chidinma-the-model,c98db72e-49ac-4ca6-89d5-e00f5fbbcc45,79bee68dd62388cd1fead9fe303c447c52e8a47ea03c14b8209566d2dea5c820
7,chioma-pretty- girl,182ea888-a85b-42ca-ad73-ed4f8f9aa5c7,8fe44cd7aa9e1b4d3e359a2e116412696870a38c5bc670cf8dfe7530db7421cd
8,damilare-the-handsome,27eca2dc-d7df-474a-8f8f-1858152c711e,24451cad2f2cc1b46ba21c767f6cd1ef8bedb9ad770c028aee3a8e11332dc683
9,ebiowie-the-planter,f1df8270-4d60-4bd4-8959-ba7c384db5c4,91f40eea40cd615b95434b6e5a3e2f790cf4e3665fe0d04c3faf5a7b06fb9aa5
10,emeka-the-businessman,9b3d75da-4887-4089-aee4-50de3954fdc9,f7046dccc21cd42d02376f9276b3aaa67f0e14d87c7f834afc63012801002859
11,gbeminyi-the-monk,c8b1fd1d-8551-4bb4-8dc4-923a9aeb39fb,e76fd9665d6f28fd1c2d9093d9f9aff215f268ed8420038c502687d99d0aae7c
12,henry-the-sportsman,e1225451-bfdf-4a1f-8d37-9cce3a0bd67b,86fddae1a560c7c766dfc50f54a4a1d325dd89b061d1eb40e10711acc6ab1d89
13,mayowa-the-smallie,dfbb4163-df24-4d54-b74c-6218a68df8bd,e5f015af070968ff8bad5fe2ff58964c64301e7bb39171ab25597677a113d6df
14,muyiwa-the-stylish,dcf9d5a0-57b7-4126-a05e-6c8f1045d3f7,2b02bfb03f978b4cce91def46e2e42267fe076076b6a59459f72393a4124d435
15,nina-paper-chaser,59524227-dc52-407c-8cca-e9e8c5fb3018,7980b0431c002ad932a6d88539e540e813cb0db236a61e579b1650cb7938ddde
16,oluwaseun-spicy,808f7007-6552-4efa-bd13-4b7c337b102b,b9807aa3c4c5af052b94aa463b1351cbdeec8068319a6447c078652ed931b41d
17,sesan-the-smartie,ba3edda7-8940-4ca4-97ba-826398d5909f,2d56ba567a517b2d073515ede0de02e7720499f9cd5fc9f170adabf8dad176bc
18,tiwa-london,78da7aeb-8352-4e25-89ac-dc48b5984089,7a0224e3c0a634cee3e07f842f1bdbaf6989e95ce86753045859a38d2ec2aba5
19,tunde-yoruba-demon,53b46bd7-a537-402b-b249-0b4074a8faae,58c10d4beffe545fc8ad062ac4189a59e51c82d5e0c30df4e5ea35b88f399592
20,yakubu-the-zombie,4adb6781-1614-424e-8f77-fe59ffca2209,d11bf017ffecf87ae03acec8288e8610f1e5175cbcad3825ce80510e186eb3bf
TEAM CLUTCH,,,
21,abdul-the-vibe,770f817a-9d9a-4772-9a91-e66dd9d03470,2b6eeaa05548a82eb940908ec6368e9665534bc1264450b0c3e2cfab20bbdf9e
22,emeka-the -clown,78810fa6-a7ef-4d83-bf57-caf49db4ee69,584f6c5bbbb245d07bdca35d845c6a4698d6b428e06227f074a2c0fbe49f835c
23,salam-the-odogwu,f2957ded-022c-4b07-92c6-b345d4816a67,596f8fd3ac2a786104b92f79056e6ed3b405ac401b356d49cfa531c65b9959e9
24,24,09395e76-19ed-4852-8748-795ee7496a8e,1918f0e8da283935fa972db143b02d1b747a0169f52551a09ec461ddbb38b4d1
25,wole-the-pimp,4d94d4f7-9b69-4e43-9db1-1fe83df92857,863117b80c8e473242dcbcc43538688dce5a8650514d653dd42fdc9aae99319f
26,saro-the-baller,d35a7514-8996-42fb-a5f2-5a603ec679c5,7224e37d8560b1faa666f263a3981018d19a0a71d745a050522a33acc4fe42d2
27,ade-omo-yoruba,92984fa0-310b-4377-8a10-15965d044383,0432d11ee76ba426c4b5fd6e3da75986b758f185b213cb46e719e9b820aca47e
28,shola-cool-kid,3ac5c186-bc14-4eb6-8567-cc818465a64f,06c58f2c3081c4a43f84780b69af4eb98aa67fce18c9e683af3a83f58c254640
29,charlie-the-smoker,71a0aa22-d111-43b7-8484-43d87310bc42,fb221fc621161d100cc37d64b794499e39a29e6dc6361db924b72eb735ad4ead
30,femi-the-badguy,e493e3fb-a8a0-455a-854f-0f6474bbc69f,4b646a268338894f7e43b9ede6c84c7420252b05f944caeaba8b4cc106ed5a17
31,sinzu-money,942f8347-9932-4331-bd15-d0f3a048b54f,d098dddf974f4a5f282976436f875c01bffb1e1a22e8fbe68864d47e1bdaa7d1
32,obinna-the-palmwine tapper,0f1af056-2548-4407-bed4-abc11deae05d,7a00ea04a7b519e9e2f5226b35d449d18a4b14065b919ce3c260cab8bb0f8092
33,aminu-maikudi,0129e7a5-e3d0-4675-92d0-1a1e55d11612,3e72fb03bf1541981536636380075497e36e6ef9ffa303a012abbce41335178f
34,sabinus-the-town crier,01d4ce96-818e-44b1-8813-68a7d34b35ba,edd4da619cfe926fec42abe8bef100b3bc028e9c4d394b60d83a3b3e9688245c
35,adisa-ibadan,3a925f27-35f6-4dbf-9960-c6527fae5f3e,431233e2da80e32b27a70789b49ef502e8a99a4a81d8cb9f8f456e0a47e7a135
36,linda-the-navigator,71f335a6-5a4f-4410-9cea-179336f0e498,63ac5a6a60252d8f95e824ebdb113b476c7a6a14326584caf5f38619bb37ea71
37,kemi-the-iron lady,35b11a31-5b92-49f4-8fb1-30f255d22054,ec3bc6e9a05432ebb9193f37c5928c6bfcb83819c04e19eb128db946d87d034f
38,mercy-the-sassy lady,7a3c70ac-927f-4a63-a3df-ab86dd27cd0f,062593443dca0d7ca880fabb5052e3154c5afc302b18b4e0be39d48633bf6ad8
39,sandra-money,1bd95fb0-7b2e-4354-bebd-22f9cf70a1ca,ead49d60a56ce5e9251c7a1d5ff5a834201baf80c8b0e55d2eafa94e67546bd2
40,bimpe-the-fashionista,92b548b7-998b-46b6-8198-80d407209483,f7af86c854e5e3933fefb7865c9c1890c84c1d85c8a53aa4bee7b221d60683a9
TEAM ENGINE,,,
41,kim-rich-aunty,3344a73c-f15e-4afd-a1b2-3199e27eb08f,5e538fcd5c8eb91b47d24306e2746ff22216d50dde8cdd550d4487a61f5e1cd3
42,barbra-vampire-bc,4f31fd99-4918-42a9-a112-fa60ef36d5c6,dbcf822d28f82ab2d561c9c4c075f51d11ffabe02d63e0083ac12ea1c6e66b8f
43,jean-art-dolger,5e1105d9-e485-462d-a5bf-1eb931976b13,2327eeb1f904485fc4682d87737b974ec29de1b5d297c81eb7dd0d03ff830125
44,flora-burger- eater,054dffd1-cdff-417b-b6c2-a679dabd087b,1059b53b6acb43c5f39e6b193416fa459fa190d8e8e8c13850219e3d290a76ee
45,jessie-lord-rings,caacabe1-0abc-43af-92e2-2231248bff93,ef28605097cc75760354cf1529b48cafd2d150138644ebd2bfcfe8c0ca5e4daa
46,pinky-monky-ponk,bd6a4b38-543e-40fa-9153-f7e1a947ebb1,12436ca2ff514879b8f73914c747c1e3f03c867e06eb2c8f9f9c4ec890ae27b5
47,wanjiru-hippie-glitter,683f0d27-3cb4-4948-b1b5-09f10bee575a,e0034607bb8d567d443f7f17b02cc38e503c276cbdf2af2e4bf1961dde73e41c
48,njoki-binary-coder,9b59bdb4-0c6c-4107-9d72-6d38d308edb4,a7409d1e16cd86d2b72c72214279810f54911bf2eedc7469d40416bad67f243a
49,wangu-calaba-hustler,67f7da93-3925-4def-b660-58f558c14a19,23191e35b5e98e91f21d2dd940f9229d127aa5df84d4c611358d869a9f0a3cc0
50,lulu-dey-kpako,23b6c38f-ab84-4565-bfe9-d9eb019c9f29,46e5910b835d0a47b3ebdbbf932c8bfd5b238352cb6b2d5f1adb6630658c23a0
51,kiki-cala-flier,d24aefff-c9fc-4ea9-a7cf-1b741076c822,8364aa47f32e4aafcf103c68b0a3cfe0c2477c7f02c54bc7122604cd9ea34469
52,purity-nft -investor,ee86ef77-4793-411a-88d3-ea54d84f6b24,5391ee68db64ac8e4595449fc02886e942847b44114dc34f992d8b516e0793b7
53,june-binary-monk,102c4cdb-f812-44fd-bf47-5065284c6075,44d16818aec0406dac26bc401f2d73874ae7becf71cf620eba9f1b75f0525839
54,aisha-crows-damsel,c4071af3-b49e-4ad6-898b-7828f90465fb,d63fee4c24292ba02d45aa10dbd0e4ac81b8e11067ebfd105a277d4347b83ebc
55,bobo-crypto-lovely,427ea0f5-30a3-4d70-a5bd-a6106409b83c,94a52b0570929becca00d1b3653b6b86f494033dc878613bd56931f6fdf3d1b2
56,nell-light -embrace,9dfe30b4-c71a-471c-8091-f5c4a238eed8,0c59b7f5e5eef9b881d38a4a57b991efa435bd5dc1e487c52dae1d4c8b6fa912
57,rachel-mood-silent,11450acd-f0d7-406f-bc18-bdb680404845,f29330673922fa148c616f7fe22c9c49a5b69409366b4e9abaaccac2f39edf0b
58,nana-reflector-agent,63bda633-bfca-4b28-823f-7772936b4103,c7a6427cfcbb579e0e56231d0add85b2db06d3d962f818fdb5483109f8177ebd
59,bree-busy-gossip,4f5898d9-fc99-4053-a56c-b2ec1ef41347,6646a7038c39b6ba916acefd974fbc0dbcd144c1e2d4f90f5a822aac8f8326ea
60,jude-shadow-fighter,a47b2ed7-d4aa-4404-ac40-0ecea464cf3f,43114edae701ff9baa7a795188649274eaaf4c86e607b65ce89bce409e7515aa
,,,
TEAM GRIT,,,
61,toy-soldier,fc8ea3ac-59d1-11ed-9b6a-0242ac120002,2b4be93c7b5113b8637884653357e6a4b03f50c824e7c4a197907079c623c8b5
62,pipey-rivers,58f69cae-59d1-11ed-9b6a-0242ac120002,841f128470df9964574c44eccb235bdbe4c776fc60afab460788a62a1682009b
63,phiri-of-zambia,24b537fa-59d3-11ed-9b6a-0242ac120002,c371b0713a930ff2a5b0d63ca723f161f3e926bbc83528cb8652424c2585977d
64,patrick-of-bikinibottom,064c7b84-59d3-11ed-9b6a-0242ac120002,f139b141fbb1694be7c87eb17fd619a20360bb4b8a9df0a3e9ed197b571a92fc
65,nobuhle-of-zulu,1ee5b1ce-59d3-11ed-9b6a-0242ac120002,ffad18fce54934c9881b45afe0fcc731f8bfbe5b207f4bf09fa2f584618b22dc
66,nkosazana-of-xhosa,2f1a1724-59d3-11ed-9b6a-0242ac120002,2236e231a5c364fa7d694a96d6ec7cc5afa15775ed21d10eb9e4560b4c1ea279
67,mandla-of-zulu,d04553b2-59d7-11ed-9b6a-0242ac120002,bd6887814f1c1bb0619c48f6db27ce75827e37e9961b60094dc85ec05a8b0b03
68,john-doe,5d19795e-59d2-11ed-9b6a-0242ac120002,43f600bfb1e3d3213b7dda9ca1b89a4110270d8dd66bddec0423399ca5c1f9e2
69,ghost-of-power,29c764ca-59d3-11ed-9b6a-0242ac120002,3e97c9a5eac7700d65e83a7ea462d1e6c4373838a98e9ae08848b1fd3a142d4f
70,freida,ee671c4a-59d2-11ed-9b6a-0242ac120002,ae45bfd6b86e6e94b75e99643ffa2edf0ffa6084966b293de871a66be4e70b4e
71,flamboyant-tree,380e4990-59d3-11ed-9b6a-0242ac120002,61894e3363b2485726e0e008f37b25260140fee9699e528afa4e37e20b2cdd24
72,david-of-accra,1c1ef1b4-59d1-11ed-9b6a-0242ac120002,4ee46c2b1487279acbbe6ba35c054dbe6d381a47e6d4beaf83e60d2c09ba7c4f
73,cally-lily,82bba87c-59d1-11ed-9b6a-0242ac120002,248d5e16eafbf78d99ad7e30c6a850bda066b30fbf2901bcb57f9ad1ac51767f
74,bubune-of-accra,faa4b530-59d2-11ed-9b6a-0242ac120002,45a78a40f55ea0774aca442e779dfad7556af267af48064021b2f221663f2197
75,bediako-of-accra,fb6e8222-59d0-11ed-9b6a-0242ac120002,9e079ff7e8acf8aa944a881e5658bf0ef43a4809331b94a1760aabb508f78507
76,avatar-aang,169f93a0-59d2-11ed-9b6a-0242ac120002,0c56081133b9e99132ef2b3f813b21f9bed4f2b25bd3cd194916286337e3d401
77,argus-greek,e7f26b26-59d2-11ed-9b6a-0242ac120002,40f1178fc5ff3c42fe53b7fc3fe5cec388c2c2ca7c9ee34770160a074595b990
78,amahle-of-zulu,169f93a0-59d2-11ed-9b6a-0242ac120002,f34dbbbabfc9f7de2a6b009782e518a2901bb65c691b0fed07dbfd4fb1fee24f
79,agnar-ole,f3f11fd0-59d2-11ed-9b6a-0242ac120002,55edd38d41a0200653dd124dff63a87f52cb73bda5e599f19201e4fd37c6a51c
80,adom-kulu,00f6589e-59d3-11ed-9b6a-0242ac120002,9e4205765c4995ff61ee6a5ec7b5b17070abf15210eba5b83925f1d1ed425d3a
,,,
TEAM PRYBAR,,,
81,segun-baller,58ac5cf6-b644-41c6-af79-ec9aa5f6bdd1,de5fbd7f5e12b1c6833c5e57fb0ac316b164bdb7795d2f5559726a9af58ab7fe
82,bolanle-pepper-dem,46966104-775b-4443-90bb-b35afd121653,03b15c5b12515472e6748f4ec663bc2c84087cd14a47feeac6de5ad0206acf26
83,tayo-tailor,70828783-ac38-48cf-b966-cfebc92ebd86,5d4cb84cc7fb92fd7b76042b4dcf875af7033bb82101f1dc74a28abbee764ede
84,ajasco-comedian,8bebdb3a-f0a8-47ba-892f-39aa275fbd0d,c3bdfd84efc5dc1e85377eec0160fc16f721575cad93e14755a206e95faff1c4
85,tobi-babyboy,3da592d4-5dec-4bc5-8412-f1b2a0269f95,9137027574b852c646ae84ca3e552931f1bb1bedfc2f886b583a16e79d34f571
86,esther-sassy,0642a25a-966d-446f-b021-a6d18e7fa0c5,9dd81bab6087b40f2004ca79f8fac2bdd80b5fdec32d13cec013cee4ec069ae0
87,ozo-fineboi,fdb0a5b6-7367-48bb-bd6b-720ec8c15226,fa1af164e1554028f2a8040929d410aa679e66df9095b88e8f579ef865d27b76
88,ade-party-girl,7e3db30c-9faf-430d-ab48-b854fe0456b9,104abfc9fba6625247e77e84c5a1a28df428cd7240987f77001ecb9e0a2ae59a
89,john-casco,2eff88ef-5bc2-4779-917a-533e952e2953,2079b013ea45ae3e2631c5dc3c6137ebf554dd70992270ad7543e4e0644f527b
90,agha-uwa,8478a002-1eba-4a05-8b98-7170c6e39254,269c74ad3c4e95ce9e194e45334d20a8322d364c00e2238292c8d5afe1ef9f0f
91,udeme-great,d1476409-6f8b-4be9-8c93-24d9123749c5,cb807020e71f0ab7577c9a9b07c7796d8e4bea0352aee17fd791196c85e0fc48
92,femi-tech-bro,ba3ec22a-13d5-4e19-9b7f-aac764fda28c,1688c1db36a1ca76becdfa6726e6a7ecf6fab5aaa32acc95ef0a6831ada99a19
93,sai-baba,fdfff369-5b57-4612-9f89-f5d408f24a35,83e7c03b047c2d370169f4851bcbaa81c30cf88b885515c6672311935d8ea16c
94,omo-pastor,49e09559-61a6-41ff-811a-272721a7475c,f24a25bc64a590de52384b60189f1eebc5836a0fa2ef756d8dfa56d38fc9b25f
95,obi-container,4b64cf48-94fa-4aed-8cf2-452974b48ee3,6bc88476ccc5c0e7aba733f363fd01c816de2b41f125f13eda8a033abdb83d2a
96,erigga-international,3ac39a5e-7b0c-4371-b0c8-7cb4b68aed2c,401b2a8cc3929a440481393a00934984a2b2ab61bdb29055943fb7e6a19feed3
97,ayo-web3-bro,c137ec2b-18cd-4c29-a194-af29ac9e6c1c,a10ac71851eba77ae8fc119e5ad3dff826cfbf9a8db868b8dd48c439aa1b7621
98,phoebe-queen-bee,1277e9c0-81dc-4747-89df-a9d2ae4fcf96,97e6deff305fef5a7a2c58d8dcd50c0130659165194815bf1a19f62f83aa6766
99,rachel-warri-babe,19e6af3b-ef2d-46ba-ba05-59fb612ebbee,d26885ebc36c14895fd3edc4d33945401c09eb9924ffd9ae9ba2b3b698c8f974
100,adun-preacher,cc4dfedf-c343-48db-ad67-e39452ec2380,00349b171d1fa6e1eb27df27c385074b8ff88cfbbd880c53553d8a18634ac4b3
,,,
TEAM CHISEL,,,
101,adebola-omo-oba,fbf43611-f267-4cba-bf4b-a3ffdc122589,28c8f77be6b3be2674b07613055d2efa8a2c28b62041ba4f8ba1a7c537bdb30e
102,chichi-the-dancer,e7c32b06-7022-49b4-bbe5-81e8c1d58583,563a757c59e7c92a88f9362c52f7aadbe7ad01a2cc35491c3cf8ac4ae3e2340b
103,hammed-the-farmer,e57d8985-599e-49da-8d62-fc16b7ac93f2,f59ac392bb2d5c15796dc592cfd0292a6af98bf89f8373240dc7ec577f81bccc
104,farida-the-tivlady,31d3e229-003e-43c8-ba82-38f49cf58ccb,8771356691234e20a0afe716ca0c8e9fe0a3878af2c595d02072804a49c11703
105,hannah-the-singer,281f5bd7-5282-458b-9811-e369980e7dee,59dc783740bf31ebf8fd361eef360d71d90a08d200e96f01438ee0df55743e62
106,nonso-the-igbogirl,5cfa76df-8376-4505-af12-78af24f108d6,3cea200dbfa5a648b4f5e51cdfd5d7abf5e26435ec4ce877dd266f6e47a6a299
107,shade-olori,1a07ca73-d39b-43e9-a0f1-ef9f5e57d3a9,ab30102d70e6d3247806c02ff9a80b13918167633ce995c7c494248b71ccb0ac
108,quadri-the-teacher,d96a93e7-17a4-4efe-b09b-02185cc81ce8,83a06e60facab8fc11f2389b5b0f3482c42316cc30a7f3a44f41917eb9e1afcf
109,Ifeanyi-the-dj,030f665d-2cd7-4376-aef5-4030dad9f2d6,5a38632cf497ab8f0c82fc8bd0a486fa253172f7fa2ff2530ebd3f266d83b0bc
110,fayo-the-yorubademon,e270e278-a9b5-408d-b527-d518239a997b,62cef1b67f75fddf077435f871f7389f8eecf4c08c5063028769633381afe490
111,nkechi-the-actress,34b1136d-00b1-4f29-8a03-5b02291d47d5,2d5597905620b346ffbe7dfb7733faab36716be0edcbd0892478eefeb4d39365
112,hamzat-the-mallam,592eff9f-93b2-4452-a2ed-5d44ebc969db,f662687744993cfbf13cdde6e84336581b5b9d633689015392f8475eea14ae35
113,nnena-pretty-girl,d9477612-ad63-408e-8d12-24679c647b32,c76bc6dbfd6fa7acbd4abbd8ba3dd7715ec130fd6e45f45757633a80e25ecc3d
114,tunde-the-boss,7635c4ee-04f6-4872-bfc9-37e5a73c8fc6,733b52b6054927bc70181d5c8495775f0f2b83ea98ac46627b8557d49d2f0953
115,nnamdi-the-barber,152758f3-9414-45a2-a809-95cb05a3de13,da98554491b802dc169a71d62a4d465d4504dbd92f1c418021b16f0092d14c2e
116,amaka-the-hypepriestess,c7726e84-3c5c-4e66-8677-cbfb5c9ee850,d34a88a6aa3dc37855b1310ebce015fd69c2d139cbadccc5db575e308177e9dd
117,kemi-foodie,3116cb6f-14c4-4d5a-af57-54253b72a309,21ab023b0a67db7861ebb00cfa2bd6dd130641563aea4adb6a47d16b12b6cd40
118,ada-the-fashionister,a14df1c1-7a5a-4a33-8780-0fb01c593da6,e3df029d2af7b8c42127fb3b7a279712ac9ceafc88986b756db8f896aa009a47
119,kayode-the-baller,fe17bfdc-c251-4654-8313-1ab793e11748,afdc33e6e69de153887d3a09cd54720335bebcfacb0e200e0aadeb835821d6fe
120,kola-of-lagos,df295be1-1509-406e-a263-28a5dee0abca,cb74816dd6403e69e3541d9464b0f7bd91969a44239aa49e2cbbe9c407c24ebf
,,,
TEAM BRAINBOX,,,
121,azikiwe-popular-trader,7ebde325-8efc-4997-811a-b5686269929e,5f5c042176818276fa36dae36bed14875c39604fee9ab1da564996b81e6fbd54
122,obasanjo-funny-guy,c136a120-a339-4080-96ca-1c93845c5848,b116f1226554e1407bea2898feeb8859a00eeaac56529a780a2d82fe46cea1d9
123,yakubu-village-chief,5b0c0d26-d204-4264-b579-081ff9df935b,0fdd2c7ae6b88109dbdfdb8b6dd22f86677bcd437ab5cbe45fb305c5596bdadf
124,abacha-loves-smoking,8ac6d95f-0cf3-4f54-9cf2-be8834b3004c,92d6a1cab0f2d20109e90346458f8cf0008b31c527e27de4c21a1a1105c02a6a
125,johnathan-good-leader,241e3713-4ce3-48d0-827f-b282ae2db6c4,f9fa0659f2c015c21bac5e607097f8c566028aef978fc69f04530d20bcf03d30
126,johnathan-genz-kid,90c0ae09-a35f-42ad-b93c-dcf30169acd9,dec41e85521e437e72abf2bad0211f423e3038091d470ce499ef0bde5a2779f2
127,eddy-the-community,5cabf9d9-882b-459e-9253-8c07eb045e2d,01264b0fc59ded82949a9aa24174950a44a4d0a6bbc93a42adea82b7f937efb9
128,olu-the-oba,04c4b28a-aca0-44b1-a064-ed0d9d2a31ca,c186c99ebb59b537bc168921a7c51ec10b1036f93f983a05a72376ea9efcc35f
129,edu-the-biggest-trader,48d1de5f-5f3f-46aa-b2fd-68420a8e802b,352b5ab762c24fe23f3a4fae468d3e878d6ba857798b97128080d05a1d19ba2e
130,james-importer-and-exporter,22541251-022f-480c-8c1e-cf754dce16d6,20b4ae28cbd5aa6af97975ff8607ac16938783d214ae72bd759648e9b4d21723
131,lanre-the-dreaded-guy,66a054cd-5541-4000-98aa-8f2e9892d880,a06f4b101feaade6f1b4a16b838ebbb9f8b343a29a72fded3651c3669deda957
132,olamide-the-street-boy,d50a35b1-b42e-4e0c-8dd8-9b892b56d371,e56302277d9cabd34423cf34e46df2f918a0027e7eee6b42d698f5f32d7bcf36
133,uche-peace-loving-man,6c9d6eae-2ea2-468c-a2c8-928aaafc084b,d50fa3896f407547edb9d74c702ec3f75ce0934035a9ee49931332d7684f32c7
134,dave-the-tech-bro,c0857b11-bf0e-46a4-9108-b8eb93d83e74,b7399fcb9173e85fb3194fb81bd141e5332310e7e163589238b4ccb50780474f
135,obi-the-biggest-humanitarian,201a408c-7a2e-42d9-a62c-0136c885c211,5ab9dcc51bfc235ae28434e9bd6552db0fdf77481cfe1759ac844a6635b79f89
136,precious-the-emotional-girl,b6a41ff1-51ce-42f7-9933-85d0a22ced68,da25cc4eee8ee9f6e5f808b19c0b18b8aba100e3a6c357056aea21b6f062b8d2
137,ella-serious-minded,04036447-f43e-4bfb-9503-f55c9064b14e,81f1d3afdc7ea0ef1da660da32785f7922e66de76cebb27165f1dca421847cf6
138,cynthia-cute-eyes,5d12847b-6d71-4691-8337-2e6ef3e283b2,c1cea01480a2684935ff7312a02577774d54bc052542645ee731e3271ca5e75f
139,mary-with-hair,98035e8b-6540-4464-8a3c-fdac9f07b168,41adce81fd9066ea28cd31884b8d90b12c2190161b47fbed684f5f167aaf42b9
140,ada-chewing-bubble-gum,15309dc5-e483-4658-b503-db85ba2c1722,51c38277d91f9e14d4b345eaf9115d4845e856bea51c1a721a1f66b959d4929a
,,,
TEAM PLUG,,,
141,viganem-the-drummer-girl,5a5a6f5c-39f3-4beb-ab74-60d3c7a90fd4,c7328774759da756cd6c5444dd84a58ada1d4f50b082b15239a8f5c41b466377
142,lenusuka-the- big-woman,e564a43a-ef77-487d-a88e-749d20a09fd8,7c3fd1cf596574f13eea0e184108378090b72ce0bf39a81813698d5e933606a0
143,enepua-the-clout-queen,6dc7e452-0626-4f4c-a28c-f5db3532e305,9589f6c692e04c51b9988d872804d0081dcf6028c5c4db012fe2ecb2f19acd63
144,usifong-queen-of-mushin,221263d0-8775-49f8-bbf8-4b08b49e1482,fe4f99953c6aad49188d228b02c05a1e0920eb6e75e7e9eb48b5d007418397cd
145,akinyim-the-agbaya,c1070dce-48a1-4ae8-b9a4-d070859a8377,d952b13763744dd65e586ff0e8a12ce57b5703fc6307c318e0a98ac88545f5ce
146,zawadi-mr-sleep-everywhere,c22489fe-574b-47f3-9667-c9c798b2d4df,0660037f486595ad1c3f7ffa920e81a5f796c9dddbcee0ef4b6fbc90cd357601
147,chepkirui-mr-self-love,1a91e778-d214-476b-a667-94e9ecb8b5ce,6e4161a60214d49cbe0431495df5acbdc4e31376f91071f71b44e309178f637b
148,naserian-mr-fear-fear,8177cf38-8284-4eb4-b19c-04473bcb3b5e,9a9e997d90598e02d288c545a136618278990edd4fa2529dee5a360aedadaa8b
149,wawuda-the-ashawo-of-africa,0554bf35-f588-4009-aafc-ef875b878c29,467303f6fba2b8c9fd11a2b32c5d05a5293d151af4004233334fdf766e0b8454
150,kerubo-the-igbo-smoker,33ba8e73-7949-4bc7-ba27-37ee1d573946,9cb7346a49cad858ed6be78fc198bb925638afa9a64f312e091de606610ddd59
151,rehema-the- olodo,1fb33783-4898-48cf-8a73-f81afc71e1a8,f20e4cbf05309f7ac13096150ad84f6f6f2999086a7f5279cdfdfb458866598d
152,nekesa-the-brainbox,7ba909bd-19a1-454d-a86c-a45e85cb94a6,9ad05ebca6f80cb581161677dadaa0aeb8f4bee5f2ff1f64f7e89b38fdf4d209
153,kiokoli-the-slowrunner,d7027b6c-ae53-4cce-b80d-67aeb7ceb1ba,fbdabbf40443c6536d5d1b6b47919d3ef811ca35128d90f0b383ee1e399e41ab
154,adjuani-uncle-wire-wire,36cd959f-d280-41f6-af76-765715c72527,11a9db5be31099a7c47e552881a4bb5498d7b1373818b73c4f8f82d7e35be008
155,ajobaru-a-serial-killer,9d262f55-73d7-4b95-9a82-42356dbb085c,6363b23c04a4657413cd60500ad325be8c47706584bc6f9d81993d788819b405
156,effiadem-the-fireman,a4534fe0-b5ed-41ab-af72-1f2d0ff0fc64,5687f7c5aedce2cb9118514c0a066cda8356305b9c1901c4f738d3e55a04b13f
157,deladem-the-commandoo,88106b92-da30-46ad-a3cc-d528683b9e33,0becb96710b5357c5ae8af662f45c6f9b9e2b4ba2824bc99e9afe745576159e0
158,dogbeda-the-monger,66a09968-cb92-4378-a588-49947f68c537,adfda199c7579f6392dd1fd0d3f085e537ee7705e06c10d9fc80d30783304f88
159,enyonyam-our-slay-mama,5e7c7f9d-d631-4759-9b27-cbaccd33d39f,ffcf4d5e5df69321c0b177c856381fda83b04c7bcf976efc8d5d21cea75c9c90
160,lumusi-pro-technician,b07676a6-c611-410d-8426-46c9c525189a,60d8c326515a95af5debf84a57118b5e0a27d331d3488dd0607090066ccd87b6
,,,
TEAM HEADLIGHT,,,
161,funmi-the-fashionist,4f9d99a4-78a2-4fdd-bc30-b027600fa88e,15a03bc7fd2cd0468b6c7a9a79e64a44516072586d21fc4d314ab1d65a5e1b09
162,bola-the-funky,ac721b71-cbc5-425c-851f-ee826973f0b9,5e3eb304e244a12d14a2a920594fb8fbc8916e457c83a8655a7603b04f3accaf
163,bimpe-the-runzgirl,eaa7662f-6926-468a-9add-e791916ae42b,001c7b0467da2dc116dc1783763b42355366c7fa6762937de1cc8d502d75c4f6
164,sola-the-queen,d5f23ad3-832a-4d3e-814e-e23f466d18a4,a3d361f375b4d0439d396b58a9c5aaccaf937af11c2ec7ec078390f2238f7378
165,temi-afro-girl,4f9d99a4-78a2-4fdd-bc30-b027600fa88e,7e16a17055825ee437ed6c8086b723978b10d8c6aec7f011f47e302636633099
166,jonny-the-bravo,2b345988-b4b0-453b-ad39-efe1321bc8f1,86de7679db7b1698a6f4a5bc19d79a67361ad7443f26cf3ad0f3991d83adaa30
167,tunde-the-bigman,56db423e-8b09-453e-b5fc-61f4da9d7a6f,ed8d8644c4cce9f3093d45f0cadf58b7ec03b5b7c983e0e6221594205c2599a9
168,joe-the-plain,7a3083bd-5aa2-48b5-a30b-4445cc060f57,561f97e47e50aa16f93b2efc91e077769228d1877643ff364174d4861620ae0a
169,wale-sharp-guy,44906ea0-901b-4b3d-802f-f73acc8758f6,05cee6273bc3185d61817b9e39cc9b0655510714220eb1936b503e295c00aad1
170,dele-the-snoozer,4f9d99a4-78a2-4fdd-bc30-b027600fa88e,372bbaa7420a0f98f84f57d09bf2ce08ac3835fc0c0f63154a620e2f9a3049d0
171,father -of -tolu,a2651258-ca3f-4940-b095-3a61ff630263,2a175eb489123bb129e8d2cc8bd3d7490f1ddac05715525ac9f5e060ce09c387
172,emeka-the-chief,de25fd63-dafd-4f77-8072-7ac0ae3a3ab2,ea9fe3c91c3be9a83270a81348abba9288a48f13a6d7128e63e173255984a9ee
173,lawal-the-drooler,806b640f-1c8b-4cc0-aa10-45f3ddc00140,cb6c0efb7866434c76208b10720d4c9c1d17819374e38f6b166925153a713ad4
174,solo-the-messenger,44906ea0-901b-4b3d-802f-f73acc8758f6,a0ec2eec705ec369d9e69fc3860ef403950145f33ef39c01b2f51424d0a14b05
175,femi-the-honorable,af53bf52-b517-4347-adc6-07cf30c19025,6f8c6cf8b2642164c99c92d0bfaa1bd5794740b61db07b9daa6e98aad90b323c
176,friday-the-bigsboy,05ec3aae-7da8-4125-93fb-6fc544e5bc61,bada4f67860faed5949123a844682e87282d40dbe39a78addbec27ed416f4e69
177,kweku-the-planter,af53bf52-b517-4347-adc6-07cf30c19025,f5c1ce5bb37b35677f41247da18750022a252ba59f8edf79380192da520f85fb
178,2pac-the-remix,9993e5ec-2f31-485c-9c6d-f780c078ae56,5a205133a45e9080048a6ca0a5c4454d8f36aae5936f74c554d80c872b839f7f
179,tope-the-influencer,3b3e1f66-922b-4f87-8cdb-0d09fc143182,7effd6e70426fd400b651449c44cf9338a3297f48d60f2934786bc5690a63140
180,gabby-the-evangelist,ac721b71-cbc5-425c-851f-ee826973f0b9,46e9ef4571405682d5e26c06ac868d033be9df171e7d5ea2bada03f90697ba2a
,,,
TEAM CRANKSHAFT,,,
181,beauty-of-town,7241a1be-59da-11ed-9b6a-0242ac120002,fe7a2e9c36fe380faf2ac2cafb1d5b97d48eb3cae810e5c248d3489182fe5273
182,lola-babe,7241a664-59da-11ed-9b6a-0242ac120002,ea5c895de347c910290ef369688cea13c697da1c208997a687d1106a45f9a758
183,cardy_h-sharp-babe,7241a7c2-59da-11ed-9b6a-0242ac120002,52ecd7ab06aeef388817b5b92069762918a2349f011b8b4d8a583a4cdbb4753e
184,bella-the-baller,7241ad26-59da-11ed-9b6a-0242ac120002,39716630dd1051d9f27811ceba0cb6f52555e2eea55e4207fa024877c5177057
185,milly-of-roses,7241af92-59da-11ed-9b6a-0242ac120002,196b6360aebd292a8c560da5a814b199bdc01ad1c13dd9bf6f0b19d830f34ff3
186,Preciousjada-the-viper,7241b12c-59da-11ed-9b6a-0242ac120002,5b09f541a7a1af18ae602748a03775819d50deff5e511cdd3c40c79a6d5b4fe3
187,lolly-of-NY,7241b2ee-59da-11ed-9b6a-0242ac120002,5a14839461bec6973b01cef2414ed05f8c6dd4bc9b265e488ff93fc57a1534f4
188,Disy-the-dancer,7241b4c4-59da-11ed-9b6a-0242ac120002,e321de868ede4af9640a56df478385aa4359ee76e4f935f5d4c56035912041db
189,Jenny-the-great,7241b852-59da-11ed-9b6a-0242ac120002,ffad76b993f42a7bf26f1221bf24b5c8cff0406d51e903e03cb0591974363c56
190,lolly-the-pop,7241ba00-59da-11ed-9b6a-0242ac120002,0d7cdd053f3d6cee752ef9d46296319d289566494f4c9bea90c5225acd7fb427
191,disy-the-queen,7241bda2-59da-11ed-9b6a-0242ac120002,62223b40e3516111588e531a3c860e670f1c3957dafde3973ca2cfdf9173e338
192,JennyP-of-Lagos,7241bf1e-59da-11ed-9b6a-0242ac120002,2f14a0f3076b8a739fa58115935b4e3205c8414b6ec0585d8f93a791fafb94dd
193,Jada-of-life,7241c202-59da-11ed-9b6a-0242ac120002,6fa797e4075a6d9eae7dd407c4cd853518cfd747105b3fb57e6896b294bb6d16
194,Sandy-the-rapper,7241c342-59da-11ed-9b6a-0242ac120002,ea1686fe1f4a9fbe49a67c61195b80c8f4f8660dfad6a01f222e1bfd239050c0
195,Dahila-the-genius,7241c4fa-59da-11ed-9b6a-0242ac120002,49dbcbf490633fe45c88217a68de3bac2ad7cb8de35368540c0a0f14c41a7366
196,Rosemary-of-Yaba,7241c61c-59da-11ed-9b6a-0242ac120002,5258652cec8b6bfb97f2a5ccdb0bcff4f28455c410506a733bf1fa99586a1524
197,Jennifer-of -island,7241ca18-59da-11ed-9b6a-0242ac120002,119cca665f32fe1dff7b5114424d62e3c21fd447e980c0cf9c05897d87f1045a
198,Opeyemi-of-lekki,7241c8e2-59da-11ed-9b6a-0242ac120002,f5d54b2a0bba3296e0a2f8280879a34cab8c4b9c4a69bac609e566b59ba7ecfe
199,Vicky-the-artist,7241cb3a-59da-11ed-9b6a-0242ac120002,d0091cb61b7cd0018b33425777b837bd2090eb53165e58b5c78f4d920f57469d
200,Afrogirl-sailor,7241cc66-59da-11ed-9b6a-0242ac120002,4850b7ac925ad5b5651d67f6e67c3e8fe235e8ffee9d4a0965e29642f819e4e1
,,,
TEAM GEAR,,,
201,Yemi-singer,,aa49064d62f870d4f85e2d50320af3a874f4fb487f082aa3eaf7a7eb15b2fac1
202,Joshua-the-runner,,b90ba20a20568b84dbb9bdba74e9f6e9d2a92dfe513fa605bb17c337f436c23b
203,Khalessi,,8a5d4947d143da1b50dfee3fd54fdeb736f23055fffbfb0c5f4ba0aa4d0fc03e
204,Khal-drogo,,b06f34b10942b25e5716ddc2f04de92935c3c0349e10a0e5dc3fe097cc6a83f2
205,,,
206,,,
207,,,
208,,,
209,,,
210,,,
211,,,
212,,,
213,,,
214,,,
215,,,
216,,,
217,,,
218,,,
219,,,
220,,,
,,,
TEAM TAPE,,,
221,hng-newbie,0ddbd22c-b3bb-4c72-9f51-0361480bbfa7,bfbb82ef8ad980b48ddd9bf44d6a83b439fa47d27557518a2db1a19912459391
222,nene-caroline,4ce5bcf3-d4ed-4277-8187-cb1797c1ac7e,656ceae962eb35e79fa2a2637b1b4b127bc09a27b1c3bbc95ac87f46dec7ea94
223,wazo-partystopper,77237cce-bae0-4d60-adad-27055f0eed39,7f6f16cb9cf67de6d1dd288cdcc1391bc68cd97f8ab87fce3e814dcabc7102dc
224,melanin-janet,a5a2854e-a850-4b15-b3c3-176a79b2d34b,c06c7737d082d802ac4cdf76c5bf0c79cbf6a315bcbee13b200dc58ae9714959
225,leo-sugarmummy,7ec03993-f500-4a41-aa3c-a73df7a0fbed,3b2d8c6f371eafe9b25bd6f0f43e8e319409b37e624657a6512e0bfce7d4c624
226,novice-joane,a5d49163-41b1-43fe-ad7f-0c78ef530b1a,f8199f1b32117b1f614e0d00149f0367ddbc171219c6fee0da338eca7ec79c2c
227,goofy-simbi,df7dc588-f99c-4592-84f6-08b40047d9d1,3f11e28758b1a60f255d9220ea6681cf7576df2d8e6efa9021b289e938b8c3e7
228,akwaaba-ghana,d1e8b38b-994b-487c-890b-9034d3ab7dcb,d988e74d1fa71b937830f725486a2b10a5bcbe663bd20743d055f039892ae253
229,aunty-toyin,1326ef4b-224a-497e-9452-e63a4486e387,243a9c99135b1f4080162cb0ebbcf3f6cecb70bf7583814c89e07e32a2224a9c
230,pretty-hauwa,7c771f82-a512-403c-91b9-6736318a8796,501456321e7225d00b6d9bf4166f139a6c026e1dfdf71d7af69234a5d29d7408
231,chimamanda-enugu,eaad5c98-3f85-4480-9c4e-b73340cfba4f,f8256f00a081bf4a6bd157ffb2cff18cc0ade00be89d709bf49c62d05d1bfb40
232,kente-solape,613ce65c-4b16-43f8-a0d9-b5ea8c5f2195,9a0f7644802eda7aaadbce559bbae0e211c1e0721d2bf79848adff843606f378
233,vamp-karishika,c4ee8a54-0874-4a7f-8344-dea8ba41f5dc,9d9375f063ece192bf7417fea75d78c58a5b40268f79d7e80b24c933df0604ef
234,genz-monique,b5328f13-b918-4e76-8d4c-8b4aec5eb5fe,0b24cd6b126f0cac3bd808c5f9d5e24da25419ec59bce361fbde0e5f93fef1e6
235,femi-boltz,03e8d36d-5bdc-4da4-8f64-c1738eb9d1db,38167ff46b11d4262f9bd7e4273533c600a47dbdd1a651816863e3ebb44bb281
236,agba-tech,403f28a0-6aa7-4f80-997f-b0982c169baa,dd54489f35941af026c1d3a47f569d9e057e216bbb2c7cd6bdc83465370d4097
237,brian-richkid,9d945d79-dd2d-4755-b9c7-bff837be8557,0a84c8b0a9e2bbfe5e414540b76b42ebe9e7cacb35dc10906d89560e7433d9b0
238,nandi-zulu,09702bc0-d10c-48d3-a1e9-2aaa4e9f3f39,53678a1934b2c9b3f43c5563c15d600a9146d3e826e44b8a732b912cd336188c
239,ade-demon,0be2d50b-3e57-4e39-a199-b211d2be860c,00211036266f1b2cbc2f2e7f3fe3e2d74837de423d78a76ff01e2b4e64258062
240,karim-rapper,169b58f8-b84a-4ab3-a4b6-d1c5b36aa1d3,548e31ef08a5e75b81e930a23fcf28e82aa063da8e40c6cb87be7ec918d268a6
,,,
TEAM AXLE,,,
241,bobo-alinco,ede853c4-5abd-11ed-9b6a-0242ac120002,bd0f2c4a88fa95af12916eba4d56cf11a584451d47bf91a9e61d7404f4508f04
242,chi-lastborn,ede85964-5abd-11ed-9b6a-0242ac120002,12b75b47af68ae0ae42f38cf9bdde0e61abf3dd329d4b4de79b8df48a9443866
243,uju-robo-robo,ede85f90-5abd-11ed-9b6a-0242ac120002,31ac090b44927a0af62c45943ae33fb8310581d119f47f58a10ba143bd83aec2
244,yetunde-anifowose,ede861b6-5abd-11ed-9b6a-0242ac120002,ff34d2404fa68e12956d1b8e9dfac11d45040e82e8554c205776e221eee73736
245,dumebi-jjc,ede865da-5abd-11ed-9b6a-0242ac120002,b0b8b22b8a195ed7bd9f1d81cd9509b46d99d239c535e0bffe2689443f91f8fd
246,ukwu-nengi,ede86800-5abd-11ed-9b6a-0242ac120002,c4c1a31a259fccd4b60184f811ea0a230355cac349a91f08f72efb1724aa54b9
247,nonso-malay,ede86a12-5abd-11ed-9b6a-0242ac120002,c36248e924790d8360ec3a5b45b72e2c91ec43e61f1132e986bd188fb94580aa
248,saro-texaco,ede86c2e-5abd-11ed-9b6a-0242ac120002,93cedc1c2409d13f515f14574d4e5a918f815823da69dacf9952f62a7565129a
249,akpos-agbero,ede86e22-5abd-11ed-9b6a-0242ac120002,7a675a95b856c92a106fa668559c3546813e9b5c57e6496862f2e47cf31337b2
250,kasali-danfo,ede86fbc-5abd-11ed-9b6a-0242ac120002,f0af8512792080b755b9237b074495541de331d8183254c5505cc85208b223e9
251,osaz-benz,ede87fca-5abd-11ed-9b6a-0242ac120002,ef723074cf682cba342bd390bd0ef86dcd3bbda3dac479472b2ead0b886d2f4d
252,kareem-kasanova,ede8820e-5abd-11ed-9b6a-0242ac120002,8d352d3733083be9f9cfaf913b5e5363806b3d004c58e240b6f1b02d902630e3
253,mayor-of-uyo,ede883c6-5abd-11ed-9b6a-0242ac120002,f469fd8ad41ed5112be8a8bb079dc872de37b75dea1fe58274894a192a888618
254,chinedu-china,ede885f6-5abd-11ed-9b6a-0242ac120002,c289bcd0749ec0391f2ca52a933d8211a230e6701d7571bc46133594e88eade6
255,papa-ekene,ede88808-5abd-11ed-9b6a-0242ac120002,73ab046562f7ac96e7ce16de1c6b35ab9209b348601175f5dda5930965aebfec
256,ogbeni-rauf,ede889fc-5abd-11ed-9b6a-0242ac120002,724a65e2f3e2a182ad03ee70dc1a71cf63dc217b603f9a292ca8e6a384ef33df
257,koffi-banku,ede88c2c-5abd-11ed-9b6a-0242ac120002,45a1a29fbba27d35d5f2d5f53f10c296374ec56a0f4acd9b72b279fc4bb3c55c
258,alhaji-bello,ede88efc-5abd-11ed-9b6a-0242ac120002,590eb4ca35c0d07b114ef38c0e41fa18d8f106dd000982acc2407e6bfd36beed
259,toju-mafejopami,ede895d2-5abd-11ed-9b6a-0242ac120002,3f42dad2f8f9808dc014eb6d5907e22ec7eda685d4fa563085de46de3ce0ecce
260,femi-maserati,ede89802-5abd-11ed-9b6a-0242ac120002,fd3aa504b7ca849dd4f5efe85eb2c8ca8a292605079a9e6678feef7d42ea0990
,,,
TEAM POWERDRILL,,,
261,Paul-the-comedian,f8112915-64ca-41e5-9ca4-5b60c47d7a01,81b9e39f6678bf4cb5c218ac4d5958da7c9ad8e970e62b2b50eeecaa415f642c
262,Amina-lagos-housewife,5612f542-d85e-4a2c-8661-20553dfd07bf,fe347da192eba20c45a54ca817a7d307cfd1fdeac8859918d2f8ad10da58f56c
263,Kiekie-the-asoebibella,097014d5-0ef3-46f5-9a9b-5c01f70114b3,b4dd6c4919354de5dcfc755e761161d8117b3f7972e703729385567f0c6d3f29
264,Kunle-the-hunter,b0310fc2-4bed-48e5-abfc-566c964786d7,c45fb94bd56febadb4fa52f78467203ec1d5af628b38588214124ecdc0681c09
265,Amara-the-hairstylist,412345b9-7e04-4102-af7c-5458721ac64d,5c3b14efc3f145c7d06399123205d2ecc3b849c51e80c15596cc30ddd380ba12
266,Mary-nail-technician,17ea9c3b-c90f-4023-84d6-d563c098b030,7b7788029da54a6a82f5b3eb317fa99edcea14e4d42507e1ad26b58330dcd0f7
267,Odogwu-oil-contractor,b503bbfb-f972-4d4a-9352-e9dfe6671d36,1e0caddb797fb374597d971943281fd397ebb554d99ddc4acf85212a3da7379a
268,Simisola-the-kenteprincess,45843017-b421-4413-8e35-7a6ef073f2b9,f41d076db6aef721afbf9cb0735f52973c7e8d831adaccbc920617fb585dcd8d
269,Mariam-beauty-queen,b7d96d97-84c2-485f-b60e-e4e86c4d3b34,ba4c0b9794220f55b9071b498458216c1bb49d3a57b1f78f4c5acfb2b0f78fb7
270,Obinna-the-musician,afdb0299-327c-46b2-9262-faf90f0fcd12,183667d391b5c0f1e35e0f12b8aa6c9e50cd5ec9fb1ff98c26cea1dee898fb55
271,Sandra-the-shybaby,bfed40a8-74f7-4ada-ae18-975130247efa,8dcf793da4c1d5aa5e82f25c37dbb600f8510e1f622c6f1d10325117db5a1b69
272,Chiamaka-the-dancer,43c49497-8d7b-42ef-bb29-769f6c3b0ada,ccb923a36f7bd843d2aef8724ff6cb2b41213cfaf8e27b93a77fbd9240372297
273,Mensah-fashion-icon,87ada09b-38ac-475c-8d46-18680c2dc795,5d9162cf1431eeb393bfedf7322ed98cc7decc465aa03a32ec9973f32d17b3b7
274,Lucy-the-fumigator,c7269d44-aab3-41e7-a54f-18a14f575a6b,1206137a368aaffe8be133b0a8fdf4914fcae407ba8dd4029eb6f4d7308a9226
275,Nneka-wedding-planner,31ac6b7a-e378-4dc3-999d-b9e8d8473f99,df0aef198c281e06fac882439bf372e6ca3d3c8403e06902ca74806f753669be
276,Shakira-the-gangster,dbdc1351-aa07-46e2-935f-2db071b1b23d,aa316f0cb8a9eb21dc5154ca757e78d870234d54dfdad5c956e2e7696c1e49fa
277,Lola-afropopping-princess,2f5cadae-e423-4478-8220-37b3ac144169,1e15b424e235f82f00fc5b8e4f5c0c49b9a5544ae5c5373847c43ce3d160129a
278,Sharon-walking-dead,1fc37341-7dd1-480c-a01b-a63bee0a2230,cd92d1357bb5c9ab3839ddb058150cf99cb63b05787406f8bf57dbc30f3886d1
279,Olivia-great-teacher,cfc4419e-bd46-40f6-9654-632ac1138ff1,c99c662b81e492c22e365bfc808120352403c22e94804ea1787bfb4405307f00
280,Nicole-sleep-warrior,710ae821-4603-4124-bd60-a33b515b3b8d,1fe73233806baa48e88e94f06e69b83518f7f2033b37adb47bc7a6410fc74009
,,,
TEAM HYDRAULICS,,,
281,Busola-the-shakara,ec4a855a-5ceb-4f1b-bbd7-a995aa45e875,480ae69c1af36c958654a4e6b0a9da264ec9d6a32b6bc52fda18af32997fb577
282,Bella-the-artist,48772412-dacb-4984-9e82-8d24fe101265,efcc92de174da0cc7a6fa229f77dc0678cedf2acacccc9b0fc193c6a07b9c4b2
283,Queen-the-extrovert,1712532a-20d9-4ccb-8582-bffd76c9fb67,de591f09301aa12b287fb7f722faf54971a45d7cc5991c4db0bffb9f53006ccb
284,Mary-toxic-lady,bc31af8d-c45d-4797-adfc-596fb22e4e3a,55ce42a3c8ed7b61cdeb79969d5b2a58919b1a4c18df45501231c6b52258ff87
285,Elizabeth-the-richkid,21fad782-1b6f-4c2d-b157-9fdb9355c876,1d92946a9d8eef2006172644b42d7940c56bcc66adc811c1963736bd4c2b603d
286,Larry-the-westerner,d4984fa6-dabf-409f-839f-76742ec71500,e8fac800ba5299348fb4ccbe8f6d72e55c4df49591a990554e75adf72f01f6b3
287,Danjuma-the-shocked,0187ca7f-f3b1-42ae-9e17-c46d58617608,72ff56a2f7638f0741dd1a736f71f953dda7f39d6557905d129e3072dc4b7b8f
288,Yomi-the-fashionista,16d256ba-dc4e-4559-ae41-59779f351ad3,5548a01f9af92ad20aba545fb0ab440ccf0b33fde9e9da673bc18691a8dd76a1
289,Ibu-the-importer,d3edc876-3f2f-4699-a376-0787bb06c5d5,f7530f032c674b8e89c433199b51ad305de5f634da77dc06922acff01f9645ec
290,Massa-the-ghanian,9a9a5fbd-7a3c-469c-95f2-50303c2e9fc8,43ba0fb4b7dee8cfd6acc5372e77df05a65e81f91309f2c9c5b735a1498fbcca
291,James-the-musician,0d4ad447-3836-47cd-8387-066b200cda01,4bb93ffddd51cb4b4e8ffa80afbfafea60354a2f73cdfd1e2a794660a40537a4
292,Gbenga-titled-man,dc6c1a39-ec78-44ca-8296-68c6de7b5de4,9f5178d144f33c314e148d06c573539b9df7cf172a6349263e3460220a658efb
293,Abaga-the-rapper,c428411c-5a06-4b74-bd17-e53b76f9fc6c,868fa6d958fd04c659c86e3f0e93aba34d13396952c0aa9fc6f1405c0be810a5
294,Izuchukwu-the-fisherman,15e1caf2-06b3-45d8-9b35-f95965b64e34,39ac0f6129f39a68f6887d6072a9400007f424a3576b6c900b371d8c4603ac57
295,Mark-the-philanthropist,b48cbd98-96c2-4ec4-9d17-2c798be5b90f,4b0216fb327f63cef0930d85d299d7e03c466fd67093fa547bdecccdff5e5e62
296,Desmond-the-politician,c52d4fbb-622b-4e2b-85a9-1a1d0f3d97d6,9e78f8c008e530083a6fcb475802ded9f72b697ac1522bf2c06eccbc7a4df249
297,Okoro-the-bachelor,e441439d-49a3-41eb-bf9d-3c7f98c268bf,14290a2a37989a8ad45551c134c0c112e572dcfbcfc5a2cdea93acf6047e9c3c
298,Saro-the-clothemaker,7e10af4e-1252-4f96-83a8-78411e152bae,820cf244e97584abcd91b78618ae77ca6d289d958900783c3bd34c4371f92ea1
299,Kalu-the-ichie,482ab247-73a4-4ff8-9172-732f3d0729b8,688902fd4180958476b5f79f37df08791743f5f10b2e0bf9d1a68b67827e384e
300,Tamuno-the-prince,108447d1-f2d5-4816-8ebb-599286c3fabf,c6fa5c2cd90897d00183326cb888df6d0e99aedf1bfc3837af0974bb010f07fe
,,,
TEAM SCALE,,,
301,wendy-the -banker,587645e2-5ace-11ed-9b6a-0242ac120002,c925f9554cc851e4f7c53a9d52d2e86482aeb8dfb6fad813afa766d8b914dab9
302,uduak-the -dark horse,58764862-5ace-11ed-9b6a-0242ac120002,1e780a2c3af8397d8fc17e03a991199818f97f4e0e7ec10ea1ea16b145918c82
303,timeyin-the -eccentic,58764a2e-5ace-11ed-9b6a-0242ac120002,de23d1cf21b4048d37bc592f971f5374b47c54184b1b72cc30ed2e498adc8dd8
304,omawunmi-the -businesswoman,58764b78-5ace-11ed-9b6a-0242ac120002,d27025967355256b0188245bef73c7a6ebab8262a5f0ade95487473ad678c0ea
305,halima-the-housewife,58764d8a-5ace-11ed-9b6a-0242ac120002,3eeb1f34caab2ec796d32b196822fb5ef4023531e902e641642b0faa0629ee7b
306,muna-the -block sister,58764ea2-5ace-11ed-9b6a-0242ac120002,aa19db0a36ed7d290131cfc676f24168edb612182b704b819794459771aca976
307,stella-the -gossip,58764fd8-5ace-11ed-9b6a-0242ac120002,1cdb377d087477be0bed43ce1f410a5fda8e153ba8a4970a6a011c4c40efd151
308,agbani-the-wannabe,5876542e-5ace-11ed-9b6a-0242ac120002,dcd49b8cd56b2559356ff5f087aa58478fd70f4aae830f9cd5a3ba5e579c17da
309,asante-the -warrior,58765578-5ace-11ed-9b6a-0242ac120002,b0e41999c2c9b2795e98e22a7747f4df7a1d928ad1baf5f3dc276550452cf867
310,hilda-the -insomaniac,5876569a-5ace-11ed-9b6a-0242ac120002,bf8621b69d8104830ce9da9001a69612696860654b452d62f1e9c4ec730ba8b1
311,sisi yemi-the -street aunty,587657a8-5ace-11ed-9b6a-0242ac120002,3297c5f7a87f6ac2305b0fddd2c4ebe7d02dbc58aacd09ef243d94323bd6ca5b
312,chiamaka-the -bully,587658ca-5ace-11ed-9b6a-0242ac120002,0951be7c095e3560490a37ead7cb2a72acea2240ea60a318ed9df14a906a3fd0
313,gift-the-fashionista,58765adc-5ace-11ed-9b6a-0242ac120002,fc29a5240a7f134e92f4565aea3d4d7d04d9130ae1b03823412d3412ee572a6c
314,omoyene-the-weirdo,58765bea-5ace-11ed-9b6a-0242ac120002,dcccb05751046e4c2a912fc812520df35e978fda65276db2e71cb99b34988456
315,maria-the -freshface,58765d02-5ace-11ed-9b6a-0242ac120002,ff808f1d91eccf9242aa853616f269e0716722f4a4639c0628031607cb737373
316,monica-the -smoker,58765e24-5ace-11ed-9b6a-0242ac120002,ff373b93de86bde2ec4e49526f14d711fbe6ff8d75844c17cb8f9dc757d8822a
317,,,
318,,,
319,,,
320,,,
,,,
TEAM SANDPAPER,,,
321,Omunyinyi-the-stoic,c2d6a3ac-1d4d-4268-ba7f-4f0f8f50c1ab,015f2aa0050e7dd5c4cc5aff6e634454a6b43ea060676cc5a13cf8d58eb5759a
322,Kamau-the-sleeper,20330f5c-40c2-4f6a-b9d8-d1d04fb97daf,0e7bca6d47ddde6843c54cc99d04c41ac6df806164250a1ac64c3242ff2d2808
323,Mutiso-the-lastborn,0706c338-42eb-4d26-84ea-c24b39628200,f807684d973eb872e062125a6b5432f5ab1426fce6f484f54f2b3639b9c3fb3e
324,Omondi-the-vegeterian,bfb5e8d5-d7a7-4aa8-85e8-d7d9afd4adb3,294046687d94d0dc7815ebc389982cf14130fec27d3610267f32423d0a5a683e
325,Barasa-the-optimist,2da4bef4-38cc-4414-99ad-7361fac04b2b,94bedebf6424897a0927effc262c36b8a1cacf925fad2507dec8a7087783f4b1
326,Mwembu-the-elder,36181230-6ac9-417f-af5c-23bdd2c25ecb,cb589fe00ede0267088b7e84b7b0263cf62aa65251a011d6194e4f754db96811
327,Mbogi-the-fighter,3a7bc3c4-1463-42ce-84c9-07337da64435,ea2676b1d26c24fd82ba4f1c13a2937beff79dd1b079b379baa40d257f433826
328,Mrosho-the-runner,b2ca2c76-3b6d-43f1-8cc9-089b6ab83876,a9040222e46a1c49a515fc1f02412f3c3c3d8f7dea4afd308e50f3d839f7aae0
329,Milele-the-african,644b0259-d75c-456d-934c-ce7c052bad3a,8d8be0ae69550787ad7f960388aaf7668f4a9b20947aa54d3a80d4bebc39d0d2
330,Olebon-the-oloibon,de261efe-731d-461e-b2e4-42edd2f48f72,699315339078170beadd7db6e4a8c2488d9404741adf6ef90a41b1a20601a45e
331,Chifu-the-maasai,239933c4-7177-4b5b-86e8-e6f952301344,a369ea7a90c339e99d81693cb542d2265225e033bfbefcef4d93960516898eca
332,Mwangaa-the-voice,49179b62-812d-4d0f-b518-4af7fa79f8bc,abad54e2f42cec7924953655e632e0bfe768a93dff5b148cca99642649f13535
333,Waforte-the-first,871912a8-d96e-4594-b7b3-450d94ee6924,2f99b0717270b946655c64805aa5a52bc39b1b83776b2055b069e3a02f14744b
334,Kariuki-the-prayerful-one,6a5b6fa6-0f91-4b01-957f-c766945eb704,17f01dfd9f3e8ab8da3b254cc295aa2151d598fa2152650958cf0d2b9f8998c7
335,Kenyanese-the-priest,0706c338-42eb-4d26-84ea-c24b39628200,8d50f133a0a44a82d21517408c3a2b04ecebb438715f76a06f3073c8fad4b5a5
336,Nyimbo-the-singer,d05af807-b3e9-4ad3-8df1-b7864d2daa33,3d964d58a3b7c26af771d0b05243c26f30253f84dd47737d22eadb5197eed22e
337,maathai-the-nobel-winner,0871cb8c-8d56-445d-92c7-01793f327707,8b143d405e191be24af35c0323b11b1999652149c27695652608f715bc97cd4d
338,Tish-the-angry-one,750a89dc-44ff-43bf-8211-b7776f1b5e52,a4858950f8e497668302f0376f41622afd4fcd18fb67ec343ec8364ced1586e7
339,Wamenza-the-winner,7348c9ed-4ac9-4785-9434-0a1f0dcaf8d8,37a4fae7f12d1a236c99091ffa775cc5cabebb7b6ebbf6bfe93a6c6249eacbf9
340,Isaya-the-track-king,41781a16-d2b8-4fc6-a1f4-b9fffc5c95ba,6941a3400465c2fac5a21ec12a5c0d5f18f48c9a5a2a36796c8ab95132dcdd60
,,,
TEAM RULER,,,
341,mansur-the-partyrider,78db0f29-3936-4d9c-bb90-3dbf20dba2dd,b061616505f0bfa62a459a333391c0d28cc8fc4fa04754f703e68089f65a2b99
342,tola-the-businessman,1c5d5a6b-cf04-4bf9-978e-22a7e9bc5819,038df2d09ebfc0b61746f946a4684ab722b4d4ba7b86f4468a47fb26f79604a8
343,abdullahi-the-honorable,dd708276-445f-4483-8357-fc08e999328f,19e1f18cbfa4bd298d0d785be06dc66e7a4ea7f696f7bf057d9ecb09fb46aca1
344,ojukwu-the-badguy,76c1eabf-15ea-446a-8426-472982c4d800,8e1016ccc92ed2cef46b518f6aa87fd11e1f010f99dde34e2e0ddb69e40f2d20
345,odunsi-the-egbonadugbo,2912ab8b-5875-4277-a5c2-a0209aee90ae,5ecbe16c7fd4c310bbb4d0089e6db9c54b62773ef566618e2a7382c726bf355d
346,ogogo-the-sugardaddy,aa575f30-04ad-45f9-a798-199465117793,75d6f1edb5949defa322e22ba9d8807e48101ff4d01c61858f03ebddbbf96c1a
347,suli-the-amalaseller,46fd4821-04dd-4f65-9290-c130a00c4c93,b072211eb4b6106c39cbe5afd7b1ab844cdde974586a803f1fe4785cdab9a7f7
348,dolapo-the-afrocentric,cbab232b-5c62-4df8-867b-018a2e496cd4,157caca4112442cfb6a7ece6ad72ca90c52348cef32372ca63813bb4827402bb
349,danjuma-the-saddist,5a42af57-186e-425b-b6b1-f72bda4911ef,0ffb8796e7c053f07c5893ee00f771936215e5b56a1a2a5cb41e97ed45eaaa48
350,chinedu-the-farmer,9e8a55d7-0d8d-465d-a628-08ddd387a2c6,065d801cdfd95641415053971d8191a1d91d01b61120ad7a9c08447945b2cb34
351,kola-the-baldguy,c32f1757-da9c-49e8-bd79-510a42b6971a,889ad877000e65605bf7d46f9c9aedb352512bd3850d899312a4d43f91c0ae84
352,bola-the-bosslady,09ff910d-a2be-49d5-8b27-b9378458701c,25a1c6ad71bafb91c0f51b53f24073d17bc4498149e4d6b1584cf91ecf1d4af3
353,kunle-the-alienguy,dea2f5d8-e3ba-4d3f-9a17-0a7edfd0c100,09be9e7fea9ce1be4da9a14cf7c706070e756e9d28a932ad2d8c79ef3b71826c
354,segun-the-sharp,f9159a9c-f48d-4aee-bcc1-63c86209f806,4d98df278f7943ea1b853faf371d161545898ebea25b8b26f93c6e652bb17fbb
355,ola-the-hardguy,a814fc77-bdfa-4e50-8ba8-3e4e4bcfb3c0,034070c39cf885e3cee127fa8423c7629920aa2b7506da5db8e766dd43cef849
356,emeka-the-chief,195e89c8-0b6f-43ad-9a2c-d20f03439e96,ef876cb437980bace32f31286ae7f6b8f9ac4024e8ec5ccd5cfa85a86b4923a1
357,ugochukwu-the-celeb,74775cda-cff4-4d21-8819-693127598eca,23202090ef090d46932e6a95b4fd8bc1d2bf94e78e49802787d1614d0236420f
358,adekunle-the-yorubademon,5c98c2d8-3144-4e08-8a0f-9b8d7e4f5aa7,148a20d7c84063909f7e4ee0f163fb5490151a3969711d1abc8f8667937e663b
359,favour-the-fashionista,19fc15c3-80fe-4d45-a2fe-be8f087d57c4,be11839c95b1f25ad7291ea0f818a9735d1a842e65041f74daf652bdc796e270
360,jane-the-slayqueen,74775cda-cff4-4d21-8819-693127598eca,cbab01846a95fef3aebce880569ecff9285abbfb632fb3dbee89c373d0c465b2
,,,
TEAM VBELT,,,
361,osas-the-ceo,b10f7e42-4778-49db-820b-dabbad75504a,cc047e17fa521f3e8341b922ac6c400a5aabb854d5f37fba03a4be415d1cc48d
362,nneka-the-rainbow babe,e7e20ab8-03e0-4e0a-80aa-6e193f84426e,d1a90fed20526eff9a3a83dc509afc67a66892cc6921d4c962d1f0728dd922c4
363,temitope-the-spoilt girl,10cbcbcb-754e-4175-b85d-d0c7eafa16a2,aab63dfabfb7968a243fcd2a9255f1bc3248ec0bd9c65895fe3f0f36dbb4e49e
364,bekeh-the-party animal,f0558235-3043-46e5-b26c-5bde83cc67fb,448a247cf75468b4472262c9d30daab613054912c48eb45fcec8861bae6e6ad7
365,nana-the-tech lady,e0858913-7050-4c4a-a2a0-442a88463334,c9075a148ae0af2561fec99e257b3f80d767873bd489ebe6f98c87eb9bec0733
366,rofiat-the-marketer,1e4d9bda-f6f9-4e7a-9381-bee4b074b56d,cb60ddc68c129756d28b22f72b839c7cb0bc1b109e9c459ee3ddf63114152ba9
367,zarifa-the-righteous,c6955d16-c343-46bc-9bed-c069ea8cc65a,876b7334ede7336c0dbc0e9160cce4b89aaaa1698b8eef2e6dc3344121b55047
368,modinat-the-troublesome,49eb44e8-1117-463b-b7b3-1bcea4258362,b10a4492f252c3805748140dff3301328b3c4bedfa842a415bf5f3dbb3f25112
369,amaka-our-mummy-g.o,853edc40-0f9d-40c5-ba78-46067dfd7f68,6f3b43c3ba10767a7acad0c27e82a88db4a8f589771e03f2168db13bec66d0b1
370,mawusi-the-patient,ca9ddc30-141a-493d-851b-71d34f599641,0ca6dc8a197922817f6184efb219c58c30e58f646c199ec2e758a9071bbc018b
371,nesta-the-difficult,fc3b7ca7-efdb-45b2-b7c9-e69107484a43,e5040d71f20e035d91abc1c3915aa2dd389c3dc4b8a85f0c2afbb5ecd1c9907c
372,adaora-the-choir mistress,df944505-da1a-424e-88aa-b9d365bd2775,522130643b6732bd5687a76b0de33c19ca4a4c33ec6fe5b232ea342381fbfba5
373,busayo-the-husband snatcher,73c8d935-4a71-41d2-a1de-066ae8d548e6,a3838fa79645700fd92beef821f0d56707861549a956e89e6a8e2ce8198c9c10
374,wangari-the-waitress,4bd7a15b-cc66-4e2d-8fdb-d550f2dd645c,437216978b42c87b747c513f1b165c4ed88d5c4a34c674b51a8de76fcafefd08
375,charlene-the-shy lady,36539b84-ada0-43cb-92d4-30596e07a39a,8f4b7c46d0a60770838039aa6028ce8a8b0efd381939690fa04b54dbbc061f9b
376,addae-the-unretired,ced7b53c-73de-4fc7-a652-2b17ebfe68c9,c3a8c0f23ce5c7d0686b34a7982deeebb9f671faca44a0180751eb2805583fa1
377,abena-the-slay queen,1e4728e1-3e45-4972-9755-4a38e784ff91,4adce86d600f2a612d45ebfee4ff85e75d270fa07c849cf9f1c540dc9664ba53
378,gasira-the-violence mama,ea72337f-658f-4198-9ad6-39bc6212c20d,6b0388e65f4a28e790a27839eaa0eab30c0ca027e96d618eb3dd3856e7b51f7f
379,salamatou-the-exchange student,0e216fd1-d96a-4e3c-a59b-c807f772c5b3,7c60d51a31b536a228f6008e4e1fa8153226a922dd3bc72a9bbbdc7582a614c7
380,nguyen-the-foreigner,0381301b-b5a3-42c1-9f73-2c43c0b8493f,8af734f73805aee348548d2fd28f0308f897725c6716895c88d52aad845aea20
,,,
TEAM AXE,,,
381,Olofi,26340cc4-e334-494e-a737-f2b4bb9bb22e,cc3cb9cef0a4a163c39cf0c6aa5f5697a696a9118924bd627a7285a7dd9661b4
382,Amadioha,a0586a93-7aff-43cc-8282-d081b8d6fe90,0117ab23a278cc4a971af01546793ec915ae2c0c9998142a78e4a6a41b2fa6e2
383,Sango,15e1775c-74fe-4a0b-b79c-49f6b730fa89,7b175faac5392dd2a27a82e15d3f13f297e66dd1973b9c1858f35ff8a18f8972
384,Agwu,311a6713-66c9-43ce-82d8-e3ce03a87a81,478c2c61d85d632fbd6ac6294d98c4ca226ec4e5427b761add47ab63a52fec57
385,Tano,9c34a73f-33ee-4577-aba8-0982c1656ba7,beb1b50e1b07ef6833c4045f1153f9e22a2bc78c1a4578daf09887f1bf555df9
386,Anansi,784f0f6b-4273-4a31-88d7-2455b96c9011,e8dd4a7ee0cac1dabe4bbf8a6ac6979d011b1c142e7514638cbb5b75d0b547df
387,Nyame,f3af0bbd-0724-4696-89ff-ed67f63e6b4f,1327d718e6fd2602055e96440a839a4b336203a46cfdf6b3e5f2ff7dce89d6dd
388,Obatala,c447c120-830e-4543-9cb3-5917ba36bce8,ccf96f8e8509507b274e5f0c090264832ed257449e33de263cd7e3711fe8c270
389,Erinle,dacbbb38-087d-4248-8085-13b619da0ef9,af312a90fa71b3a8eafd7b38af2779eab035434eedc44be48681aff0fdf4b243
390,Ogun,94c607b3-791e-40df-bd93-50926f094143,af6a9d3e46a937a55013360e31da25670c18cb5153517511532e5cab7ee7ea71
391,Abosom,b3427836-627b-41e4-a2d0-c29473448343,1e7c7a971293f61b7a5cb427dc106df133be0def86a8698b425d1e04d2a1c695
392,Oya,22aaebe4-4659-44de-ab3d-c4dae11fe9f5,595d66c1f6ff4cc40c58aa7931ccc5cefb797d1846b50068c4a70b71efd56ce5
393,Agbala,ca720bf9-5e47-4421-b38f-bc62162ae99e,75921acad979038e5937d2837e0ba67eeb4583c053f980167ad331fb0e266cd0
394,Njoku-ji,3b795bad-91b4-4d0e-8ed8-bccbb226fc55,88e0add668b2954b76af9ef822ee55ed1337c0ec1e6f70b4e8e491eaae25615f
395,Akonadi,2aebd094-3be5-4773-a7a0-361f6332a7d4,a31e0af98ec0d51f5b38f8db6210d5dda3a98604efe6b05a60c93aa54d4c6cb7
396,Onyame,fb148f97-d309-45a4-b902-4e066ca13f96,a8c9e0f795c99ced0d48b9ac51f3c1004cbc625c9b92925f3ed1ef632ce164d6
397,Ibeji,7b210c03-5446-462d-980e-c73dbbc1e386,52a2c9d47a7504bdddb51505731358664f040406ef38c38fae6945df4a84f229
398,Asase-ya,80b51092-3fbc-4d0c-8518-fc461ccb6c80,c1ba599feaf72421f60d6627a1e188790d9375b921d133ea49ac799d8acd0d71
399,Yemoja,1693b44d-96cf-4c2d-89be-9f4219c28447,abd44158ce3543f79fc2778368e0f3a717daeb57b73b486a83718e73f814d6be
400,Yemaya,9609d0f4-d9d3-4cff-aa06-a9c459fefa39,063170e43819e1b4c2c5843479bb30e39b4833f80bc5241419d325a22f9d1834
,,,
TEAM BOOT,,,
401,smirky-becky,87bcc41f-eb3e-4ba2-9645-223c949a9b50,a378ca6c5914577e83dd84b0b0739ae62bb055e266c8b155554e19a791fd0107
402,ankara-scarlett,66d0149f-5f2a-4ded-8e6b-9bd7d7631c39,b2ea9e451b4ddb4494cf3510e510c46c198cc8d659ab2d1ad2a3607733003d9f
403,sea-rastafaria,d1556c97-9075-49fc-8bde-1826bfc2dbe1,a79ba6a7bc116001d636ac4439a0d2a8f5fff1c28e036d47c6b72233561497c3
404,pretty-betty,6a4f5b7c-914d-42c5-8e5f-d1c34ca48886,9c53c755f4e10b9bf2f258758d7dbf3d9e57a6be77b2a6bb9cad5230c366ba91
405,lola-medusa,32ec57f7-8272-4671-ad2d-db3dff99fe9f,0dba9dcae75747d6421a213a75155ab6fc716b6429bcba43f17a160c7c06045b
406,bukola-nosend,59d19b13-09e2-412e-a669-df020e03ae10,1688a51b87e7db0bb055e430b9bd69cd120f0f3494fa5f81210652e3104da474
407,burna-morgan,d08af477-de20-4780-8449-46b87840b9fa,7c1d9982b0a639518d5302f32bd82d08885421b743f17ad3fe645b9c4990b0a7
408,afro-star,40743b16-ae12-4b4a-989c-e5fbf1e2e0ca,1a0206c8a8903aac4ac3cad4f8a926454a9f8e74f56e270c4e3f643a3e788061
409,fiesty-sandra,d875aa6c-3e4a-4450-b09c-e9f1cdcc3947,585f8ad8df8a91d04b198c27b04e8aa153c0506a7acb75259238f14e6af92436
410,sister-nkechi-sabi,a728a380-1d33-4080-841d-80b041474d8f,92af2420643ecb869e09b0cc5434f73443c6724547e11e668a6cdf6afdaa71d1
411,unfriendly-gina,dd30a327-8a74-40a5-8207-19a790508ccc,90d7a50f15fc2de136bf78681f27b80837a31626e68bc23451dd1de44a4986b3
412,dada-ganster,e1a43f65-aad2-4385-ac5e-bc159c6e0f2a,c00628e501b4c679e23621567847de37153f736aa5a4f7ebd694ff2f11784db0
413,idoncare-linda,ed04b47c-ae98-4db2-b71b-04d7bb976d45,2a56accd8f48ccc8c26dd8a95ad3f76fc2cbd1123ebfaa01813ef98ea270f07e
414,doubting-vivian,a0282797-44ef-4bfb-a701-e4ed5e727d63,6e644118e96bb03f0e9559ee8aa7f4be6ec139d545254b8d183f168051d9db54
415,simbi-side-eyed,1f99104c-e98b-4c9a-9891-00a481e86008,c711de15c2c1bf2ab4c959cff367a6827ecf9e1b8196b39d07a062d03872e224
416,bambi-tekno,95ff5e2c-1ff2-4d58-890b-de0f39f9d8ce,c5020b1123828b4f797cbc04ce23b46acff8df4bef5bcb35fbf189488f7ab4b6
417,saka-portable,bd98f74f-e42e-494e-8298-3183555ca666,95966b3fe3fb17447c61e5a468f2c5cf34d22b57433e31da9e8dab00116dada4
418,king-of-boys,a650e79c-f964-4eb1-aa89-f9c1dbdede76,f82831a9d0a11468a6cd86f8ecd8b895beae17f5c30a7b27a85f7d2eaeca645d
419,funky-alte-pop,b6753a8b-6127-4e97-812b-99e465791ba3,fd5646be05c7bb4a384ce32f3414a3ad7cb68209a33027f7834f8b6961140deb
420,madame-ngozi,7ecdbb1d-9a89-4136-b240-499051836979,1181c74120224641fe39713b6493d6d8c69b9e888d8f18c06dbb1c10f7c26bb8
